{
  "f1": {
    "mean_a": 0.018150720641497076,
    "mean_b": 0.02567715817591282,
    "diff": 0.007526437534415745,
    "p_value": 0.0,
    "significant": true,
    "ci_lower": 0.0048154260186472776,
    "ci_upper": 0.010345157435808407,
    "num_bootstrap": 10000
  },
  "rouge_l": {
    "mean_a": 0.01769988290570877,
    "mean_b": 0.026030655534027683,
    "diff": 0.008330772628318914,
    "p_value": 0.0,
    "significant": true,
    "ci_lower": 0.005661546194153798,
    "ci_upper": 0.010888785063605898,
    "num_bootstrap": 10000
  },
  "hallucination_rate": {
    "mean_a": 0.2920147460328928,
    "mean_b": 0.5794791486291485,
    "diff": 0.2874644025962557,
    "p_value": 0.0,
    "significant": true,
    "ci_lower": 0.2532538462470785,
    "ci_upper": 0.3206982651315387,
    "num_bootstrap": 10000
  }
}