{
  "train_loss": [
    3.5813536100455092,
    3.3213718588212506,
    3.331960810394492,
    3.208115248843096,
    3.1661973384270676,
    3.131651510968106,
    3.1064793605002925,
    3.0844540230612765,
    3.0716494237791774,
    3.0668566027067716
  ],
  "val_loss": [
    3.1023829132318497,
    3.0388422226905822,
    3.020081319361925,
    3.0955402169376613,
    3.027504432052374,
    3.033541248254478,
    3.0292635505273937,
    3.02178050711751,
    3.022742346152663,
    3.0250314467400314
  ],
  "val_f1": [
    0.023843300069866374,
    0.029379866049524556,
    0.026603968611963364,
    0.023253461593212045,
    0.021722114447955406,
    0.0182713855385356,
    0.018913173593170244,
    0.019959837132348102,
    0.016654480152441836,
    0.019105573411016697
  ],
  "lr": [
    0.0002939239460421746,
    0.0002735514872144749,
    0.00024084145307064997,
    0.00019906019449761325,
    0.00015237989457522118,
    0.00010546194370075881,
    6.299146356432029e-05,
    2.9999999999999997e-05,
    2.9999999999999997e-05,
    2.9999999999999997e-05
  ]
}